
{
	"allowSleep" : true,
	"autoClearForces" : true,
	"body" : 
	[
		
		{
			"angle" : 0,
			"angularVelocity" : 0,
			"awake" : true,
			"fixture" : 
			[
				
				{
					"density" : 1,
					"filter-groupIndex" : -55,
					"friction" : 0.2,
					"name" : "fixture3",
					"polygon" : 
					{
						"vertices" : 
						{
							"x" : 
							[
								0.04692991077899933,
								0.04692991077899933,
								-0.04692997038364410,
								-0.04692997038364410
							],
							"y" : 
							[
								-0.1895973682403564,
								0.1895966529846191,
								0.1895966529846191,
								-0.1895973682403564
							]
						}
					}
				}
			],
			"linearVelocity" : 0,
			"massData-I" : 0.0004525936674326658,
			"massData-center" : 
			{
				"x" : -2.980232238769531e-08,
				"y" : -3.576278686523438e-07
			},
			"massData-mass" : 0.03559110686182976,
			"name" : "upperLeftArm",
			"position" : 
			{
				"x" : -0.1165364086627960,
				"y" : 0.9012566804885864
			},
			"type" : 2
		},
		
		{
			"angle" : 0,
			"angularVelocity" : 0,
			"awake" : true,
			"fixture" : 
			[
				
				{
					"density" : 1,
					"filter-groupIndex" : -55,
					"friction" : 0.2,
					"name" : "fixture2",
					"polygon" : 
					{
						"vertices" : 
						{
							"x" : 
							[
								0.1570899933576584,
								0.1570899933576584,
								-0.1156369969248772,
								-0.1156369969248772
							],
							"y" : 
							[
								-0.3584159910678864,
								0.4034900069236755,
								0.4034900069236755,
								-0.3584159910678864
							]
						}
					}
				}
			],
			"linearVelocity" : 0,
			"massData-I" : 0.01153474114835262,
			"massData-center" : 
			{
				"x" : 0.02072649449110031,
				"y" : 0.02253700792789459
			},
			"massData-mass" : 0.2077923268079758,
			"name" : "chest",
			"position" : 
			{
				"x" : -0.02137973159551620,
				"y" : 0.7773683071136475
			},
			"type" : 2
		},
		
		{
			"angle" : 0,
			"angularVelocity" : 0,
			"awake" : true,
			"fixture" : 
			[
				
				{
					"circle" : 
					{
						"center" : 
						{
							"x" : -0.01561669446527958,
							"y" : 0.004700659774243832
						},
						"radius" : 0.2268356680870056
					},
					"density" : 0.2204959988594055,
					"filter-groupIndex" : -55,
					"friction" : 0.2,
					"name" : "fixture1"
				}
			],
			"linearVelocity" : 0,
			"massData-I" : 0.0009264730615541339,
			"massData-center" : 
			{
				"x" : -0.01561669446527958,
				"y" : 0.004700659774243832
			},
			"massData-mass" : 0.03564291819930077,
			"name" : "head",
			"position" : 
			{
				"x" : 0.02309736609458923,
				"y" : 1.497289657592773
			},
			"type" : 2
		},
		
		{
			"angle" : 0,
			"angularVelocity" : 0,
			"awake" : true,
			"fixture" : 
			[
				
				{
					"density" : 1,
					"filter-groupIndex" : -55,
					"friction" : 0.2,
					"name" : "fixture3",
					"polygon" : 
					{
						"vertices" : 
						{
							"x" : 
							[
								0.04693000018596649,
								0.04693000018596649,
								-0.04693005979061127,
								-0.04693005979061127
							],
							"y" : 
							[
								-0.1159216761589050,
								0.1159217953681946,
								0.1159217953681946,
								-0.1159216761589050
							]
						}
					}
				}
			],
			"linearVelocity" : 0,
			"massData-I" : 0.0001134485355578363,
			"massData-center" : 
			{
				"x" : -2.980232238769531e-08,
				"y" : 5.960464477539062e-08
			},
			"massData-mass" : 0.02176084183156490,
			"name" : "lowerRightArm",
			"position" : 
			{
				"x" : 0.1183081120252609,
				"y" : 0.6842151284217834
			},
			"type" : 2
		},
		
		{
			"angle" : 0,
			"angularVelocity" : 0,
			"awake" : true,
			"fixture" : 
			[
				
				{
					"density" : 1,
					"filter-groupIndex" : -55,
					"friction" : 0.2,
					"name" : "fixture3",
					"polygon" : 
					{
						"vertices" : 
						{
							"x" : 
							[
								0.07039503753185272,
								0.07039503753185272,
								-0.07039495557546616,
								-0.07039495557546616
							],
							"y" : 
							[
								-0.09294363856315613,
								0.1277718394994736,
								0.1277718394994736,
								-0.09294363856315613
							]
						}
					}
				}
			],
			"linearVelocity" : 0,
			"massData-I" : 0.0001869033440016210,
			"massData-center" : 
			{
				"x" : 4.097818973036738e-08,
				"y" : 0.01741409860551357
			},
			"massData-mass" : 0.03107452951371670,
			"name" : "lowerLeftLeg",
			"position" : 
			{
				"x" : -0.04570891708135605,
				"y" : 0.09799571335315704
			},
			"type" : 2
		},
		
		{
			"angle" : 0,
			"angularVelocity" : 0,
			"awake" : true,
			"fixture" : 
			[
				
				{
					"density" : 1,
					"filter-groupIndex" : -55,
					"friction" : 0.2,
					"name" : "fixture3",
					"polygon" : 
					{
						"vertices" : 
						{
							"x" : 
							[
								0.04693000763654709,
								0.04693000763654709,
								-0.04692991077899933,
								-0.04692991077899933
							],
							"y" : 
							[
								-0.1159216761589050,
								0.1159217953681946,
								0.1159217953681946,
								-0.1159216761589050
							]
						}
					}
				}
			],
			"linearVelocity" : 0,
			"massData-I" : 0.0001134483172791079,
			"massData-center" : 
			{
				"x" : 4.842877032729120e-08,
				"y" : 5.960464477539062e-08
			},
			"massData-mass" : 0.02176081016659737,
			"name" : "lowerLeftArm",
			"position" : 
			{
				"x" : -0.1165381968021393,
				"y" : 0.6842151284217834
			},
			"type" : 2
		},
		
		{
			"angle" : 0,
			"angularVelocity" : 0,
			"awake" : true,
			"fixture" : 
			[
				
				{
					"density" : 1,
					"filter-groupIndex" : -55,
					"friction" : 0.2,
					"name" : "fixture3",
					"polygon" : 
					{
						"vertices" : 
						{
							"x" : 
							[
								0.04693000018596649,
								0.04693000018596649,
								-0.04693005979061127,
								-0.04693005979061127
							],
							"y" : 
							[
								-0.1895973682403564,
								0.1895966529846191,
								0.1895966529846191,
								-0.1895973682403564
							]
						}
					}
				}
			],
			"linearVelocity" : 0,
			"massData-I" : 0.0004525946278590709,
			"massData-center" : 
			{
				"x" : -2.980232238769531e-08,
				"y" : -3.576278686523438e-07
			},
			"massData-mass" : 0.03559117391705513,
			"name" : "upperRightArm",
			"position" : 
			{
				"x" : 0.1183081120252609,
				"y" : 0.9012566804885864
			},
			"type" : 2
		},
		
		{
			"angle" : 0,
			"angularVelocity" : 0,
			"awake" : true,
			"fixture" : 
			[
				
				{
					"density" : 1,
					"filter-groupIndex" : -55,
					"friction" : 0.2,
					"name" : "fixture3",
					"polygon" : 
					{
						"vertices" : 
						{
							"x" : 
							[
								0.07039496302604675,
								0.07039496302604675,
								-0.07039486616849899,
								-0.07039486616849899
							],
							"y" : 
							[
								-0.1890522241592407,
								0.1890524625778198,
								0.1890524625778198,
								-0.1890522241592407
							]
						}
					}
				}
			],
			"linearVelocity" : 0,
			"massData-I" : 0.0007221315754577518,
			"massData-center" : 
			{
				"x" : 4.842877388000488e-08,
				"y" : 1.192092895507812e-07
			},
			"massData-mass" : 0.05323329567909241,
			"name" : "upperRightLeg",
			"position" : 
			{
				"x" : 0.04785731062293053,
				"y" : 0.3325108885765076
			},
			"type" : 2
		},
		
		{
			"angle" : 0,
			"angularVelocity" : 0,
			"awake" : true,
			"fixture" : 
			[
				
				{
					"density" : 1,
					"filter-groupIndex" : -55,
					"friction" : 0.2,
					"name" : "fixture3",
					"polygon" : 
					{
						"vertices" : 
						{
							"x" : 
							[
								0.07039505988359451,
								0.07039505988359451,
								-0.07039495557546616,
								-0.07039495557546616
							],
							"y" : 
							[
								-0.1890522241592407,
								0.1890524625778198,
								0.1890524625778198,
								-0.1890522241592407
							]
						}
					}
				}
			],
			"linearVelocity" : 0,
			"massData-I" : 0.000722132739610970,
			"massData-center" : 
			{
				"x" : 5.215406417846680e-08,
				"y" : 1.192092824453539e-07
			},