{
	"allowSleep" : true,
	"autoClearForces" : true,
	"body" : 
	[
		
		{
			"angle" : 0,
			"angularVelocity" : 0,
			"awake" : true,
			"fixture" : 
			[
				
				{
					"density" : 1,
					"filter-groupIndex" : -55,
					"friction" : 0.2,
					"name" : "fixture3",
					"polygon" : 
					{
						"vertices" : 
						{
							"x" : 
							[
								0.04692989960312843,
								0.04692989960312843,
								-0.04693000018596649,
								-0.04693000018596649
							],
							"y" : 
							[
								-0.1895969957113266,
								0.1895969957113266,
								0.1895969957113266,
								-0.1895969957113266
							]
						}
					}
				}
			],
			"linearVelocity" : 0,
			"massData-I" : 0.0004525936674326658,
			"massData-center" : 
			{
				"x" : -5.029141902923584e-08,
				"y" : 0
			},
			"massData-mass" : 0.03559110686182976,
			"name" : "upperLeftArm",
			"position" : 
			{
				"x" : -0.1165359988808632,
				"y" : 0.9012569785118103
			},
			"type" : 2
		},
		
		{
			"angle" : 0,
			"angularVelocity" : 0,
			"awake" : true,
			"fixture" : 
			[
				
				{
					"density" : 1,
					"filter-groupIndex" : -55,
					"friction" : 0.2,
					"name" : "fixture2",
					"polygon" : 
					{
						"vertices" : 
						{
							"x" : 
							[
								0.1366278976202011,
								0.1366278976202011,
								-0.1360991001129150,
								-0.1360991001129150
							],
							"y" : 
							[
								-0.3788780868053436,
								0.3830279111862183,
								0.3830279111862183,
								-0.3788780868053436
							]
						}
					}
				}
			],
			"linearVelocity" : 0,
			"massData-I" : 0.01134084537625313,
			"massData-center" : 
			{
				"x" : 0.0002643987536430359,
				"y" : 0.002074912190437317
			},
			"massData-mass" : 0.2077923566102982,
			"name" : "chest",
			"position" : 
			{
				"x" : 0.0007875636219978333,
				"y" : 0.7995355725288391
			},
			"type" : 2
		},
		
		{
			"angle" : 0,
			"angularVelocity" : 0,
			"awake" : true,
			"fixture" : 
			[
				
				{
					"circle" : 
					{
						"center" : 
						{
							"x" : -0.01561669446527958,
							"y" : 0.004700659774243832
						},
						"radius" : 0.2268356680870056
					},
					"density" : 0.2204959988594055,
					"filter-groupIndex" : -55,
					"friction" : 0.2,
					"name" : "fixture1"
				}
			],
			"linearVelocity" : 0,
			"massData-I" : 0.0009264730615541339,
			"massData-center" : 
			{
				"x" : -0.01561669446527958,
				"y" : 0.004700659774243832
			},
			"massData-mass" : 0.03564291819930077,
			"name" : "head",
			"position" : 
			{
				"x" : 0.02309736609458923,
				"y" : 1.497289657592773
			},
			"type" : 2
		},
		
		{
			"angle" : 0,
			"angularVelocity" : 0,
			"awake" : true,
			"fixture" : 
			[
				
				{
					"density" : 1,
					"filter-groupIndex" : -55,
					"friction" : 0.2,
					"name" : "fixture3",
					"polygon" : 
					{
						"vertices" : 
						{
							"x" : 
							[
								0.04693000018596649,
								0.04693000018596649,
								-0.04693005979061127,
								-0.04693005979061127
							],
							"y" : 
							[
								-0.1159216761589050,
								0.1159217953681946,
								0.1159217953681946,
								-0.1159216761589050
							]
						}
					}
				}
			],
			"linearVelocity" : 0,
			"massData-I" : 0.0001134485355578363,
			"massData-center" : 
			{
				"x" : -2.980232238769531e-08,
				"y" : 5.960464477539062e-08
			},
			"massData-mass" : 0.02176084183156490,
			"name" : "lowerRightArm",
			"position" : 
			{
				"x" : 0.1183081120252609,
				"y" : 0.6842151284217834
			},
			"type" : 2
		},
		
		{
			"angle" : 0,
			"angularVelocity" : 0,
			"awake" : true,
			"fixture" : 
			[
				
				{
					"density" : 1,
					"filter-groupIndex" : -55,
					"friction" : 0.2,
					"name" : "fixture3",
					"polygon" : 
					{
						"vertices" : 
						{
							"x" : 
							[
								0.07039500027894974,
								0.07039500027894974,
								-0.07039500027894974,
								-0.07039500027894974
							],
							"y" : 
							[
								-0.09294360131025314,
								0.1277720034122467,
								0.1277720034122467,
								-0.09294360131025314
							]
						}
					}
				}
			],
			"linearVelocity" : 0,
			"massData-I" : 0.0001869037223514169,
			"massData-center" : 
			{
				"x" : 0,
				"y" : 0.01741420105099678
			},
			"massData-mass" : 0.03107454814016819,
			"name" : "lowerLeftLeg",
			"position" : 
			{
				"x" : -0.03829947486519814,
				"y" : 0.09799569845199585
			},
			"type" : 2
		},
		
		{
			"angle" : 0,
			"angularVelocity" : 0,
			"awake" : true,
			"fixture" : 
			[
				
				{
					"density" : 1,
					"filter-groupIndex" : -55,
					"friction" : 0.2,
					"name" : "fixture3",
					"polygon" : 
					{
						"vertices" : 
						{
							"x" : 
							[
								0.04693000763654709,
								0.04693000763654709,
								-0.04692991077899933,
								-0.04692991077899933
							],
							"y" : 
							[
								-0.1159216761589050,
								0.1159217953681946,
								0.1159217953681946,
								-0.1159216761589050
							]
						}
					}
				}
			],
			"linearVelocity" : 0,
			"massData-I" : 0.0001134483172791079,
			"massData-center" : 
			{
				"x" : 4.842877032729120e-08,
				"y" : 5.960464477539062e-08
			},
			"massData-mass" : 0.02176081016659737,
			"name" : "lowerLeftArm",
			"position" : 
			{
				"x" : -0.1165381968021393,
				"y" : 0.6842151284217834
			},
			"type" : 2
		},
		
		{
			"angle" : 0,
			"angularVelocity" : 0,
			"awake" : true,
			"fixture" : 
			[
				
				{
					"density" : 1,
					"filter-groupIndex" : -55,
					"friction" : 0.2,
					"name" : "fixture3",
					"polygon" : 
					{
						"vertices" : 
						{
							"x" : 
							[
								0.04693000018596649,
								0.04693000018596649,
								-0.04693010076880455,
								-0.04693010076880455
							],
							"y" : 
							[
								-0.1895969957113266,
								0.1895969957113266,
								0.1895969957113266,
								-0.1895969957113266
							]
						}
					}
				}
			],
			"linearVelocity" : 0,
			"massData-I" : 0.0004525947733782232,
			"massData-center" : 
			{
				"x" : -5.029141902923584e-08,
				"y" : 0
			},
			"massData-mass" : 0.03559118881821632,
			"name" : "upperRightArm",
			"position" : 
			{
				"x" : 0.1183080002665520,
				"y" : 0.9012569785118103
			},
			"type" : 2
		},
		
		{
			"angle" : 0,
			"angularVelocity" : 0,
			"awake" : true,
			"fixture" : 
			[
				
				{
					"density" : 1,
					"filter-groupIndex" : -55,
					"friction" : 0.2,
					"name" : "fixture3",
					"polygon" : 
					{
						"vertices" : 
						{
							"x" : 
							[
								0.07039496302604675,
								0.07039496302604675,
								-0.07039486616849899,
								-0.07039486616849899
							],
							"y" : 
							[
								-0.1890522241592407,
								0.1890524625778198,
								0.1890524625778198,
								-0.1890522241592407
							]
						}
					}
				}
			],
			"linearVelocity" : 0,
			"massData-I" : 0.0007221315754577518,
			"massData-center" : 
			{
				"x" : 4.842877388000488e-08,
				"y" : 1.192092895507812e-07
			},
			"massData-mass" : 0.05323329567909241,
			"name" : "upperRightLeg",
			"position" : 
			{
				"x" : 0.03859551250934601,
				"y" : 0.3325110077857971
			},
			"type" : 2
		},
		
		{
			"angle" : 0,
			"angularVelocity" : 0,
			"awake" : true,
			"fixture" : 
			[
				
				{
					"density" : 1,
					"filter-groupIndex" : -55,
					"friction" : 0.2,
					"name" : "fixture3",
					"polygon" : 
					{
						"vertices" : 
						{
							"x" : 
							[
								0.07039505988359451,
								0.07039505988359451,
								-0.07039495557546616,
								-0.07039495557546616
							],
							"y" : 
							[
								-0.1890522241592407,
								0.1890524625778198,
								0.1890524625778198,
								-0.1890522241592407
							]
						}
					}
				}
			],
			"linearVelocity" : 0,
			"massData-I" : 0.000722132739610970,
			"massData-center" : 
			{
				"x" : 5.215406417846680e-08,
				"y" : 1.192092824453539e-07
			},
			"massData-mass" : 0.05323336645960808,
			"name" : "upperLeftLeg",